id,status,action,type,title_or_course,metadata_yaml,expected_source,local_source,source_bytes,jpg,webp,pdf_title_hint,pdf_pages,original_url
0823214f3279b5c35e8d7e2ee6257bf2,missing_metadata,inspect_pdf_and_write_reviewed_yaml,,,,,E:\byrdocs\0823214f3279b5c35e8d7e2ee6257bf2.pdf,925150,E:\byrdocs\0823214f3279b5c35e8d7e2ee6257bf2.jpg,E:\byrdocs\0823214f3279b5c35e8d7e2ee6257bf2.webp,Subject:,39,
0ba994ddd48989afd88d2f4f544a3459,missing_metadata,inspect_pdf_and_write_reviewed_yaml,,,,,E:\byrdocs\0ba994ddd48989afd88d2f4f544a3459.pdf,361231,E:\byrdocs\0ba994ddd48989afd88d2f4f544a3459.jpg,E:\byrdocs\0ba994ddd48989afd88d2f4f544a3459.webp,试题格式（试题与答卷分开形式，横版—,4,
11253d47c000e5431b15177e6ecb7269,missing_metadata,inspect_pdf_and_write_reviewed_yaml,,,,,E:\byrdocs\11253d47c000e5431b15177e6ecb7269.pdf,84196558,E:\byrdocs\11253d47c000e5431b15177e6ecb7269.jpg,E:\byrdocs\11253d47c000e5431b15177e6ecb7269.webp,,323,
1765e8a076c70fe1849dd6845a3ead4a,missing_metadata,inspect_pdf_and_write_reviewed_yaml,,,,,E:\byrdocs\1765e8a076c70fe1849dd6845a3ead4a.pdf,110818566,E:\byrdocs\1765e8a076c70fe1849dd6845a3ead4a.jpg,E:\byrdocs\1765e8a076c70fe1849dd6845a3ead4a.webp,,270,
2468fc3c48db5824326ebf543abcedec,missing_metadata,inspect_pdf_and_write_reviewed_yaml,,,,,E:\byrdocs\2468fc3c48db5824326ebf543abcedec.pdf,35814,E:\byrdocs\2468fc3c48db5824326ebf543abcedec.jpg,E:\byrdocs\2468fc3c48db5824326ebf543abcedec.webp,,3,
31135ab8dd8f697c9f09d18ebe02be53,missing_metadata,inspect_pdf_and_write_reviewed_yaml,,,,,E:\byrdocs\31135ab8dd8f697c9f09d18ebe02be53.pdf,931499,E:\byrdocs\31135ab8dd8f697c9f09d18ebe02be53.jpg,E:\byrdocs\31135ab8dd8f697c9f09d18ebe02be53.webp,processed_北京邮电大学2024-2025学年第二学期《数学分析（下）》期末考试试题（A卷）,8,
347ec8f725088b8f12fe1a68bfe2f587,missing_metadata,inspect_pdf_and_write_reviewed_yaml,,,,,E:\byrdocs\347ec8f725088b8f12fe1a68bfe2f587.pdf,130242936,E:\byrdocs\347ec8f725088b8f12fe1a68bfe2f587.jpg,E:\byrdocs\347ec8f725088b8f12fe1a68bfe2f587.webp,,460,
36a4ab70432c345ccbb5e6357384a79e,missing_metadata,inspect_pdf_and_write_reviewed_yaml,,,,,E:\byrdocs\36a4ab70432c345ccbb5e6357384a79e.pdf,2107579,E:\byrdocs\36a4ab70432c345ccbb5e6357384a79e.jpg,E:\byrdocs\36a4ab70432c345ccbb5e6357384a79e.webp,processed_北京邮电大学2024-2025学年第二学期《中国近现代史纲要》期末考试试题（A卷）,4,
3e5a331e25c57384ee12fdaca11823e5,missing_metadata,inspect_pdf_and_write_reviewed_yaml,,,,,E:\byrdocs\3e5a331e25c57384ee12fdaca11823e5.pdf,1140796,E:\byrdocs\3e5a331e25c57384ee12fdaca11823e5.jpg,E:\byrdocs\3e5a331e25c57384ee12fdaca11823e5.webp,第1章 习题答案20050330.doc,115,
5497890868385a5ef3b428f552856bfd,missing_metadata,inspect_pdf_and_write_reviewed_yaml,,,,,E:\byrdocs\5497890868385a5ef3b428f552856bfd.pdf,392718,E:\byrdocs\5497890868385a5ef3b428f552856bfd.jpg,E:\byrdocs\5497890868385a5ef3b428f552856bfd.webp,试题格式（试题与答卷分开形式，横版—,5,
5aaedeaa9eda35607f0c3c2b6e2ab5de,missing_metadata,inspect_pdf_and_write_reviewed_yaml,,,,,E:\byrdocs\5aaedeaa9eda35607f0c3c2b6e2ab5de.pdf,346179,,,Subject:,9,
5fc91cf3d553f4ab28ae5fc77ff7054b,missing_metadata,inspect_pdf_and_write_reviewed_yaml,,,,,E:\byrdocs\5fc91cf3d553f4ab28ae5fc77ff7054b.pdf,94655,E:\byrdocs\5fc91cf3d553f4ab28ae5fc77ff7054b.jpg,E:\byrdocs\5fc91cf3d553f4ab28ae5fc77ff7054b.webp,工作计划和生活计划：,1,
60e05985b7edcf14438897910f7b5311,missing_metadata,inspect_pdf_and_write_reviewed_yaml,,,,,E:\byrdocs\60e05985b7edcf14438897910f7b5311.pdf,2572438,E:\byrdocs\60e05985b7edcf14438897910f7b5311.jpg,E:\byrdocs\60e05985b7edcf14438897910f7b5311.webp,,12,
647f88aa674a6b88125dccb66f4e806d,missing_metadata,inspect_pdf_and_write_reviewed_yaml,,,,,E:\byrdocs\647f88aa674a6b88125dccb66f4e806d.pdf,768876,E:\byrdocs\647f88aa674a6b88125dccb66f4e806d.jpg,E:\byrdocs\647f88aa674a6b88125dccb66f4e806d.webp,,7,
68181ce07c6c99d18346384e3dbc0ecc,missing_metadata,inspect_pdf_and_write_reviewed_yaml,,,,,E:\byrdocs\68181ce07c6c99d18346384e3dbc0ecc.pdf,704200,E:\byrdocs\68181ce07c6c99d18346384e3dbc0ecc.jpg,E:\byrdocs\68181ce07c6c99d18346384e3dbc0ecc.webp,试题格式（试题与答卷合一形式，横版）,5,
709413e17d8e3a28849c057b656a4db1,missing_metadata,inspect_pdf_and_write_reviewed_yaml,,,,,E:\byrdocs\709413e17d8e3a28849c057b656a4db1.pdf,738855,E:\byrdocs\709413e17d8e3a28849c057b656a4db1.jpg,E:\byrdocs\709413e17d8e3a28849c057b656a4db1.webp,,5,
74f0afc01b138d14cc7bf1760f35b5b0,missing_metadata,inspect_pdf_and_write_reviewed_yaml,,,,,E:\byrdocs\74f0afc01b138d14cc7bf1760f35b5b0.pdf,442799,E:\byrdocs\74f0afc01b138d14cc7bf1760f35b5b0.jpg,E:\byrdocs\74f0afc01b138d14cc7bf1760f35b5b0.webp,,8,
86eec2bc96415c1254211ca8bf6b216b,missing_metadata,inspect_pdf_and_write_reviewed_yaml,,,,,E:\byrdocs\86eec2bc96415c1254211ca8bf6b216b.pdf,166133257,E:\byrdocs\86eec2bc96415c1254211ca8bf6b216b.jpg,E:\byrdocs\86eec2bc96415c1254211ca8bf6b216b.webp,,414,
883e94a4a2a0ebdce65bdff034d51e99,missing_metadata,inspect_pdf_and_write_reviewed_yaml,,,,,E:\byrdocs\883e94a4a2a0ebdce65bdff034d51e99.pdf,125088,E:\byrdocs\883e94a4a2a0ebdce65bdff034d51e99.jpg,E:\byrdocs\883e94a4a2a0ebdce65bdff034d51e99.webp,本课程的安排,3,
8a406ec42c8e146357c6f755ba8728c8,missing_metadata,inspect_pdf_and_write_reviewed_yaml,,,,,E:\byrdocs\8a406ec42c8e146357c6f755ba8728c8.pdf,467354,E:\byrdocs\8a406ec42c8e146357c6f755ba8728c8.jpg,E:\byrdocs\8a406ec42c8e146357c6f755ba8728c8.webp,,9,
8d6637c8406385b768d8564f1bfe451f,missing_metadata,inspect_pdf_and_write_reviewed_yaml,,,,,E:\byrdocs\8d6637c8406385b768d8564f1bfe451f.pdf,586153,E:\byrdocs\8d6637c8406385b768d8564f1bfe451f.jpg,E:\byrdocs\8d6637c8406385b768d8564f1bfe451f.webp,,8,
978c539a2fcd228458118a0c07d59b85,missing_metadata,inspect_pdf_and_write_reviewed_yaml,,,,,E:\byrdocs\978c539a2fcd228458118a0c07d59b85.pdf,1828588,E:\byrdocs\978c539a2fcd228458118a0c07d59b85.jpg,E:\byrdocs\978c539a2fcd228458118a0c07d59b85.webp,Subject:,64,
ac0beff7884ad3a42d621dbf5b1bbc9f,missing_metadata,inspect_pdf_and_write_reviewed_yaml,,,,,E:\byrdocs\ac0beff7884ad3a42d621dbf5b1bbc9f.pdf,216839,E:\byrdocs\ac0beff7884ad3a42d621dbf5b1bbc9f.jpg,E:\byrdocs\ac0beff7884ad3a42d621dbf5b1bbc9f.webp,Subject:,2,
b02c3bc7621338e2ed843ae4c0d32085,missing_metadata,inspect_pdf_and_write_reviewed_yaml,,,,,E:\byrdocs\b02c3bc7621338e2ed843ae4c0d32085.pdf,875083,E:\byrdocs\b02c3bc7621338e2ed843ae4c0d32085.jpg,E:\byrdocs\b02c3bc7621338e2ed843ae4c0d32085.webp,试题格式（试题与答卷分开形式，横版—,19,
c75237dbd6f6a477af5bb09852e232e0,missing_metadata,inspect_pdf_and_write_reviewed_yaml,,,,,E:\byrdocs\c75237dbd6f6a477af5bb09852e232e0.pdf,315818,E:\byrdocs\c75237dbd6f6a477af5bb09852e232e0.jpg,E:\byrdocs\c75237dbd6f6a477af5bb09852e232e0.webp,试题格式（试题与答卷分开形式，横版—,3,
da85b8f062e8fbcd0cec50132e9d05fe,missing_metadata,inspect_pdf_and_write_reviewed_yaml,,,,,E:\byrdocs\da85b8f062e8fbcd0cec50132e9d05fe.pdf,30754892,E:\byrdocs\da85b8f062e8fbcd0cec50132e9d05fe.jpg,E:\byrdocs\da85b8f062e8fbcd0cec50132e9d05fe.webp,新概念模拟电路,1085,
f7aecf7618a0b2028756bc5e67a1e402,missing_metadata,inspect_pdf_and_write_reviewed_yaml,,,,,E:\byrdocs\f7aecf7618a0b2028756bc5e67a1e402.pdf,111623,E:\byrdocs\f7aecf7618a0b2028756bc5e67a1e402.jpg,E:\byrdocs\f7aecf7618a0b2028756bc5e67a1e402.webp,,3,
f7e2acfc76e0b0c6be8ca48ae7a20846,missing_metadata,inspect_pdf_and_write_reviewed_yaml,,,,,E:\byrdocs\f7e2acfc76e0b0c6be8ca48ae7a20846.pdf,947988,E:\byrdocs\f7e2acfc76e0b0c6be8ca48ae7a20846.jpg,E:\byrdocs\f7e2acfc76e0b0c6be8ca48ae7a20846.webp,,3,
fab3e96a60fb4404767e81a41df44d22,missing_metadata,inspect_pdf_and_write_reviewed_yaml,,,,,E:\byrdocs\fab3e96a60fb4404767e81a41df44d22.pdf,288542,E:\byrdocs\fab3e96a60fb4404767e81a41df44d22.jpg,E:\byrdocs\fab3e96a60fb4404767e81a41df44d22.webp,,2,
fcc53f91f2d3e2599a136a36c765b94b,missing_metadata,inspect_pdf_and_write_reviewed_yaml,,,,,E:\byrdocs\fcc53f91f2d3e2599a136a36c765b94b.pdf,285663,E:\byrdocs\fcc53f91f2d3e2599a136a36c765b94b.jpg,E:\byrdocs\fcc53f91f2d3e2599a136a36c765b94b.webp,试题格式（试题与答卷分开形式，横版—,5,
feb3fceccfa6e68ea841ec8669a4d282,missing_metadata,inspect_pdf_and_write_reviewed_yaml,,,,,E:\byrdocs\feb3fceccfa6e68ea841ec8669a4d282.pdf,271104,E:\byrdocs\feb3fceccfa6e68ea841ec8669a4d282.jpg,E:\byrdocs\feb3fceccfa6e68ea841ec8669a4d282.webp,试题格式（试题与答卷分开形式，横版—,5,
ffda74da2cc11a76c32b580b47daebb5,missing_metadata,inspect_pdf_and_write_reviewed_yaml,,,,,E:\byrdocs\ffda74da2cc11a76c32b580b47daebb5.pdf,2177459,E:\byrdocs\ffda74da2cc11a76c32b580b47daebb5.jpg,E:\byrdocs\ffda74da2cc11a76c32b580b47daebb5.webp,,10,
