model,scope,entity_type,tp,fp,fn,support,predicted,precision,recall,f1
baseline,all_test_rows,micro,182,7,299,481,189,0.9629629629629629,0.3783783783783784,0.5432835820895522
baseline,all_test_rows,callsign,11,2,147,158,13,0.8461538461538461,0.06962025316455696,0.1286549707602339
baseline,all_test_rows,runway,58,3,63,121,61,0.9508196721311475,0.4793388429752066,0.6373626373626373
baseline,all_test_rows,heading,26,0,34,60,26,1.0,0.43333333333333335,0.6046511627906976
baseline,all_test_rows,frequency,19,1,10,29,20,0.95,0.6551724137931034,0.7755102040816326
baseline,all_test_rows,distance,33,1,9,42,34,0.9705882352941176,0.7857142857142857,0.868421052631579
baseline,all_test_rows,time,33,0,35,68,33,1.0,0.4852941176470588,0.6534653465346535
baseline,all_test_rows,flight_level,0,0,0,0,0,,,
baseline,all_test_rows,altitude_m,2,0,0,2,2,1.0,1.0,1.0
baseline,all_test_rows,altitude_ft,0,0,0,0,0,,,
baseline,all_test_rows,speed,0,0,0,0,0,,,
baseline,all_test_rows,qnh,0,0,0,0,0,,,
baseline,all_test_rows,pob,0,0,0,0,0,,,
baseline,all_test_rows,squawk,0,0,1,1,0,,0.0,0.0
baseline,reference_entity_positive_rows,micro,182,7,299,481,189,0.9629629629629629,0.3783783783783784,0.5432835820895522
baseline,reference_entity_positive_rows,callsign,11,2,147,158,13,0.8461538461538461,0.06962025316455696,0.1286549707602339
baseline,reference_entity_positive_rows,runway,58,3,63,121,61,0.9508196721311475,0.4793388429752066,0.6373626373626373
baseline,reference_entity_positive_rows,heading,26,0,34,60,26,1.0,0.43333333333333335,0.6046511627906976
baseline,reference_entity_positive_rows,frequency,19,1,10,29,20,0.95,0.6551724137931034,0.7755102040816326
baseline,reference_entity_positive_rows,distance,33,1,9,42,34,0.9705882352941176,0.7857142857142857,0.868421052631579
baseline,reference_entity_positive_rows,time,33,0,35,68,33,1.0,0.4852941176470588,0.6534653465346535
baseline,reference_entity_positive_rows,flight_level,0,0,0,0,0,,,
baseline,reference_entity_positive_rows,altitude_m,2,0,0,2,2,1.0,1.0,1.0
baseline,reference_entity_positive_rows,altitude_ft,0,0,0,0,0,,,
baseline,reference_entity_positive_rows,speed,0,0,0,0,0,,,
baseline,reference_entity_positive_rows,qnh,0,0,0,0,0,,,
baseline,reference_entity_positive_rows,pob,0,0,0,0,0,,,
baseline,reference_entity_positive_rows,squawk,0,0,1,1,0,,0.0,0.0
lora,all_test_rows,micro,207,202,274,481,409,0.5061124694376528,0.4303534303534304,0.4651685393258427
lora,all_test_rows,callsign,35,182,123,158,217,0.16129032258064516,0.22151898734177214,0.18666666666666668
lora,all_test_rows,runway,56,8,65,121,64,0.875,0.4628099173553719,0.6054054054054054
lora,all_test_rows,heading,27,1,33,60,28,0.9642857142857143,0.45,0.6136363636363636
lora,all_test_rows,frequency,19,1,10,29,20,0.95,0.6551724137931034,0.7755102040816326
lora,all_test_rows,distance,34,10,8,42,44,0.7727272727272727,0.8095238095238095,0.7906976744186046
lora,all_test_rows,time,34,0,34,68,34,1.0,0.5,0.6666666666666666
lora,all_test_rows,flight_level,0,0,0,0,0,,,
lora,all_test_rows,altitude_m,2,0,0,2,2,1.0,1.0,1.0
lora,all_test_rows,altitude_ft,0,0,0,0,0,,,
lora,all_test_rows,speed,0,0,0,0,0,,,
lora,all_test_rows,qnh,0,0,0,0,0,,,
lora,all_test_rows,pob,0,0,0,0,0,,,
lora,all_test_rows,squawk,0,0,1,1,0,,0.0,0.0
lora,reference_entity_positive_rows,micro,207,98,274,481,305,0.6786885245901639,0.4303534303534304,0.5267175572519084
lora,reference_entity_positive_rows,callsign,35,84,123,158,119,0.29411764705882354,0.22151898734177214,0.2527075812274368
lora,reference_entity_positive_rows,runway,56,7,65,121,63,0.8888888888888888,0.4628099173553719,0.6086956521739131
lora,reference_entity_positive_rows,heading,27,1,33,60,28,0.9642857142857143,0.45,0.6136363636363636
lora,reference_entity_positive_rows,frequency,19,1,10,29,20,0.95,0.6551724137931034,0.7755102040816326
lora,reference_entity_positive_rows,distance,34,5,8,42,39,0.8717948717948718,0.8095238095238095,0.8395061728395061
lora,reference_entity_positive_rows,time,34,0,34,68,34,1.0,0.5,0.6666666666666666
lora,reference_entity_positive_rows,flight_level,0,0,0,0,0,,,
lora,reference_entity_positive_rows,altitude_m,2,0,0,2,2,1.0,1.0,1.0
lora,reference_entity_positive_rows,altitude_ft,0,0,0,0,0,,,
lora,reference_entity_positive_rows,speed,0,0,0,0,0,,,
lora,reference_entity_positive_rows,qnh,0,0,0,0,0,,,
lora,reference_entity_positive_rows,pob,0,0,0,0,0,,,
lora,reference_entity_positive_rows,squawk,0,0,1,1,0,,0.0,0.0
